Date,Acting User,Record Updated,Command,Pixels Changed
"Mar 14, 2019 - 5:40:47 PM",RabbitTales,yet_tea,Add,10
"Mar 14, 2019 - 5:40:57 PM",RabbitTales,yet_tea,Add,-10
"Mar 14, 2019 - 6:09:49 PM",PixelBot-Raid,hdcfabrication,Add,14
"Mar 14, 2019 - 6:19:34 PM",PixelBot-Resub,alicatfiberarts,Add,10
"Mar 14, 2019 - 6:27:41 PM",RabbitTales,raynestorm1987,Add,10
"Mar 14, 2019 - 7:22:00 PM",PixelBot-Raid,devicat,Add,50
"Mar 14, 2019 - 7:32:24 PM",RabbitTales,quiltoni,Add,10
"Mar 14, 2019 - 7:45:39 PM",PixelBot-SubGifter,gryphonrootflyer,Add,2
"Mar 14, 2019 - 7:45:40 PM",PixelBot-SubGift,hesterbyrde,Add,10
"Mar 14, 2019 - 7:55:56 PM",PixelBot-SubGifter,gryphonrootflyer,Add,2
"Mar 14, 2019 - 7:55:57 PM",PixelBot-SubGift,shilyre,Add,10
"Mar 14, 2019 - 8:06:20 PM",RabbitTales,happycatastrophe,Add,10
"Mar 14, 2019 - 8:32:40 PM",PixelBot-Resub,krys_turtle,Add,10
"Mar 19, 2019 - 5:43:44 PM",DryadTea,dryadtea,Add,10
"Mar 19, 2019 - 6:19:27 PM",PixelBot-Resub,slippery_slope,Add,10
"Mar 19, 2019 - 6:31:50 PM",PixelBot-Resub,chargersnowflake1023,Add,10
"Mar 19, 2019 - 6:32:13 PM",PixelBot-SubGifter,maximumhomerdrive,Add,2
"Mar 19, 2019 - 6:32:14 PM",PixelBot-SubGift,muffinroyalty,Add,10
"Mar 19, 2019 - 6:32:51 PM",PixelBot-SubGifter,chargersnowflake1023,Add,2
"Mar 19, 2019 - 6:32:52 PM",PixelBot-SubGift,maximumhomerdrive,Add,10
"Mar 19, 2019 - 6:59:38 PM",PixelBot-SubGifter,bootblackknight,Add,2
"Mar 19, 2019 - 6:59:39 PM",PixelBot-SubGift,devicat,Add,10
"Mar 19, 2019 - 7:02:19 PM",PixelBot-SubGifter,chargersnowflake1023,Add,2
"Mar 19, 2019 - 7:02:20 PM",PixelBot-SubGift,hatchlingmiquela,Add,10
"Mar 19, 2019 - 7:04:53 PM",PixelBot-SubGifter,chargersnowflake1023,Add,2
"Mar 19, 2019 - 7:04:54 PM",PixelBot-SubGift,mommabearz,Add,10
"Mar 19, 2019 - 7:07:07 PM",DryadTea,bootblackknight,ChatterPixels,1
"Mar 19, 2019 - 7:07:07 PM",DryadTea,dryadteabot,ChatterPixels,1
"Mar 19, 2019 - 7:07:07 PM",DryadTea,jekkceo,ChatterPixels,1
"Mar 19, 2019 - 7:07:07 PM",DryadTea,rabbittales,ChatterPixels,1
"Mar 19, 2019 - 7:07:07 PM",DryadTea,streamelements,ChatterPixels,1
"Mar 19, 2019 - 7:07:07 PM",DryadTea,yet_tea,ChatterPixels,1
"Mar 19, 2019 - 7:07:07 PM",DryadTea,3gingerhaze3,ChatterPixels,1
"Mar 19, 2019 - 7:07:07 PM",DryadTea,bananennanen,ChatterPixels,1
"Mar 19, 2019 - 7:07:07 PM",DryadTea,chargersnowflake1023,ChatterPixels,1
"Mar 19, 2019 - 7:07:07 PM",DryadTea,commanderroot,ChatterPixels,1
"Mar 19, 2019 - 7:07:07 PM",DryadTea,deadpool_in_spandex,ChatterPixels,1
"Mar 19, 2019 - 7:07:07 PM",DryadTea,dementedkat,ChatterPixels,1
"Mar 19, 2019 - 7:07:07 PM",DryadTea,devicat,ChatterPixels,1
"Mar 19, 2019 - 7:07:07 PM",DryadTea,dryadtbot,ChatterPixels,1
"Mar 19, 2019 - 7:07:07 PM",DryadTea,findstaci,ChatterPixels,1
"Mar 19, 2019 - 7:07:07 PM",DryadTea,hatchlingmiquela,ChatterPixels,1
"Mar 19, 2019 - 7:07:07 PM",DryadTea,jobi_essen,ChatterPixels,1
"Mar 19, 2019 - 7:07:07 PM",DryadTea,maximumhomerdrive,ChatterPixels,1
"Mar 19, 2019 - 7:07:07 PM",DryadTea,mommabearz,ChatterPixels,1
"Mar 19, 2019 - 7:07:07 PM",DryadTea,muffinroyalty,ChatterPixels,1
"Mar 19, 2019 - 7:07:07 PM",DryadTea,n3td3v,ChatterPixels,1
"Mar 19, 2019 - 7:07:07 PM",DryadTea,p0lizei_,ChatterPixels,1
"Mar 19, 2019 - 7:07:07 PM",DryadTea,p0sitivitybot,ChatterPixels,1
"Mar 19, 2019 - 7:07:07 PM",DryadTea,scoundrelle,ChatterPixels,1
"Mar 19, 2019 - 7:07:07 PM",DryadTea,seistrife,ChatterPixels,1
"Mar 19, 2019 - 7:07:07 PM",DryadTea,slippery_slope,ChatterPixels,1
"Mar 19, 2019 - 7:07:07 PM",DryadTea,soccerfields,ChatterPixels,1
"Mar 19, 2019 - 7:07:07 PM",DryadTea,starlitcreations,ChatterPixels,1
"Mar 19, 2019 - 7:07:07 PM",DryadTea,teyyd,ChatterPixels,1
"Mar 19, 2019 - 7:07:07 PM",DryadTea,v_and_k,ChatterPixels,1
"Mar 19, 2019 - 7:07:07 PM",DryadTea,virgoproz,ChatterPixels,1
"Mar 19, 2019 - 7:07:07 PM",DryadTea,xaosect,ChatterPixels,1
"Mar 19, 2019 - 7:07:07 PM",DryadTea,zirconmermaid,ChatterPixels,1
"Mar 19, 2019 - 7:08:48 PM",RabbitTales,deadpool_in_spandex,Add,10
"Mar 19, 2019 - 7:09:36 PM",RabbitTales,muffinroyalty,Add,10
"Mar 19, 2019 - 7:10:38 PM",RabbitTales,seistrife,Add,10
"Mar 19, 2019 - 7:11:33 PM",RabbitTales,dementedkat,Add,10
"Mar 19, 2019 - 7:12:46 PM",RabbitTales,bootblackknight,ChatterPixels,1
"Mar 19, 2019 - 7:12:46 PM",RabbitTales,dryadteabot,ChatterPixels,1
"Mar 19, 2019 - 7:12:46 PM",RabbitTales,jekkceo,ChatterPixels,1
"Mar 19, 2019 - 7:12:46 PM",RabbitTales,rabbittales,ChatterPixels,1
"Mar 19, 2019 - 7:12:46 PM",RabbitTales,streamelements,ChatterPixels,1
"Mar 19, 2019 - 7:12:46 PM",RabbitTales,yet_tea,ChatterPixels,1
"Mar 19, 2019 - 7:12:46 PM",RabbitTales,3gingerhaze3,ChatterPixels,1
"Mar 19, 2019 - 7:12:46 PM",RabbitTales,bananennanen,ChatterPixels,1
"Mar 19, 2019 - 7:12:46 PM",RabbitTales,chargersnowflake1023,ChatterPixels,1
"Mar 19, 2019 - 7:12:46 PM",RabbitTales,commanderroot,ChatterPixels,1
"Mar 19, 2019 - 7:12:46 PM",RabbitTales,dementedkat,ChatterPixels,1
"Mar 19, 2019 - 7:12:46 PM",RabbitTales,devicat,ChatterPixels,1
"Mar 19, 2019 - 7:12:46 PM",RabbitTales,dryadtbot,ChatterPixels,1
"Mar 19, 2019 - 7:12:46 PM",RabbitTales,findstaci,ChatterPixels,1
"Mar 19, 2019 - 7:12:46 PM",RabbitTales,hatchlingmiquela,ChatterPixels,1
"Mar 19, 2019 - 7:12:46 PM",RabbitTales,jobi_essen,ChatterPixels,1
"Mar 19, 2019 - 7:12:46 PM",RabbitTales,maximumhomerdrive,ChatterPixels,1
"Mar 19, 2019 - 7:12:46 PM",RabbitTales,mommabearz,ChatterPixels,1
"Mar 19, 2019 - 7:12:46 PM",RabbitTales,muffinroyalty,ChatterPixels,1
"Mar 19, 2019 - 7:12:46 PM",RabbitTales,n3td3v,ChatterPixels,1
"Mar 19, 2019 - 7:12:46 PM",RabbitTales,p0lizei_,ChatterPixels,1
"Mar 19, 2019 - 7:12:46 PM",RabbitTales,p0sitivitybot,ChatterPixels,1
"Mar 19, 2019 - 7:12:46 PM",RabbitTales,rolecheck,ChatterPixels,1
"Mar 19, 2019 - 7:12:46 PM",RabbitTales,scoundrelle,ChatterPixels,1
"Mar 19, 2019 - 7:12:46 PM",RabbitTales,seistrife,ChatterPixels,1
"Mar 19, 2019 - 7:12:46 PM",RabbitTales,slippery_slope,ChatterPixels,1
"Mar 19, 2019 - 7:12:46 PM",RabbitTales,soccerfields,ChatterPixels,1
"Mar 19, 2019 - 7:12:46 PM",RabbitTales,starlitcreations,ChatterPixels,1
"Mar 19, 2019 - 7:12:46 PM",RabbitTales,teyyd,ChatterPixels,1
"Mar 19, 2019 - 7:12:46 PM",RabbitTales,v_and_k,ChatterPixels,1
"Mar 19, 2019 - 7:12:46 PM",RabbitTales,virgoproz,ChatterPixels,1
"Mar 19, 2019 - 7:12:46 PM",RabbitTales,xaosect,ChatterPixels,1
"Mar 19, 2019 - 7:12:46 PM",RabbitTales,zirconmermaid,ChatterPixels,1
"Mar 19, 2019 - 7:12:48 PM",DryadTea,rabbittales,Add,10
"Mar 19, 2019 - 7:13:44 PM",RabbitTales,seistrife,Add,10
"Mar 19, 2019 - 7:14:43 PM",RabbitTales,starlitcreations,Add,10
"Mar 19, 2019 - 7:15:59 PM",RabbitTales,devicat,Add,10
"Mar 19, 2019 - 7:17:16 PM",RabbitTales,zirconmermaid,Add,10
"Mar 19, 2019 - 7:18:36 PM",DryadTea,bootblackknight,ChatterPixels,5
"Mar 19, 2019 - 7:18:36 PM",DryadTea,dryadteabot,ChatterPixels,5
"Mar 19, 2019 - 7:18:36 PM",DryadTea,jekkceo,ChatterPixels,5
"Mar 19, 2019 - 7:18:36 PM",DryadTea,rabbittales,ChatterPixels,5
"Mar 19, 2019 - 7:18:36 PM",DryadTea,streamelements,ChatterPixels,5
"Mar 19, 2019 - 7:18:36 PM",DryadTea,yet_tea,ChatterPixels,5
"Mar 19, 2019 - 7:18:36 PM",DryadTea,3gingerhaze3,ChatterPixels,5
"Mar 19, 2019 - 7:18:36 PM",DryadTea,awitchnamedmorwen,ChatterPixels,5
"Mar 19, 2019 - 7:18:36 PM",DryadTea,bananennanen,ChatterPixels,5
"Mar 19, 2019 - 7:18:36 PM",DryadTea,chargersnowflake1023,ChatterPixels,5
"Mar 19, 2019 - 7:18:36 PM",DryadTea,commanderroot,ChatterPixels,5
"Mar 19, 2019 - 7:18:36 PM",DryadTea,dementedkat,ChatterPixels,5
"Mar 19, 2019 - 7:18:36 PM",DryadTea,devicat,ChatterPixels,5
"Mar 19, 2019 - 7:18:36 PM",DryadTea,dryadtbot,ChatterPixels,5
"Mar 19, 2019 - 7:18:36 PM",DryadTea,findstaci,ChatterPixels,5
"Mar 19, 2019 - 7:18:36 PM",DryadTea,hatchlingmiquela,ChatterPixels,5
"Mar 19, 2019 - 7:18:36 PM",DryadTea,jobi_essen,ChatterPixels,5
"Mar 19, 2019 - 7:18:36 PM",DryadTea,maximumhomerdrive,ChatterPixels,5
"Mar 19, 2019 - 7:18:36 PM",DryadTea,mommabearz,ChatterPixels,5
"Mar 19, 2019 - 7:18:36 PM",DryadTea,muffinroyalty,ChatterPixels,5
"Mar 19, 2019 - 7:18:36 PM",DryadTea,n3td3v,ChatterPixels,5
"Mar 19, 2019 - 7:18:36 PM",DryadTea,p0lizei_,ChatterPixels,5
"Mar 19, 2019 - 7:18:36 PM",DryadTea,p0sitivitybot,ChatterPixels,5
"Mar 19, 2019 - 7:18:36 PM",DryadTea,scoundrelle,ChatterPixels,5
"Mar 19, 2019 - 7:18:36 PM",DryadTea,seistrife,ChatterPixels,5
"Mar 19, 2019 - 7:18:36 PM",DryadTea,slippery_slope,ChatterPixels,5
"Mar 19, 2019 - 7:18:36 PM",DryadTea,soccerfields,ChatterPixels,5
"Mar 19, 2019 - 7:18:36 PM",DryadTea,starlitcreations,ChatterPixels,5
"Mar 19, 2019 - 7:18:36 PM",DryadTea,teyyd,ChatterPixels,5
"Mar 19, 2019 - 7:18:36 PM",DryadTea,v_and_k,ChatterPixels,5
"Mar 19, 2019 - 7:18:36 PM",DryadTea,virgoproz,ChatterPixels,5
"Mar 19, 2019 - 7:18:36 PM",DryadTea,xaosect,ChatterPixels,5
"Mar 19, 2019 - 7:18:36 PM",DryadTea,zirconmermaid,ChatterPixels,5
"Mar 26, 2019 - 5:55:11 PM",PixelBot-Resub,gryphonrootflyer,Add,25
"Mar 26, 2019 - 6:02:22 PM",PixelBot-SubGifter,gryphonrootflyer,Add,2
"Mar 26, 2019 - 6:02:23 PM",PixelBot-SubGift,arya_stormborn,Add,10
"Mar 26, 2019 - 6:02:25 PM",PixelBot-SubGifter,gryphonrootflyer,Add,2
"Mar 26, 2019 - 6:02:26 PM",PixelBot-SubGift,seistrife,Add,10
"Mar 26, 2019 - 6:02:27 PM",PixelBot-SubGifter,gryphonrootflyer,Add,2
"Mar 26, 2019 - 6:02:29 PM",PixelBot-SubGift,umbridge1994,Add,10
"Mar 26, 2019 - 6:02:30 PM",PixelBot-SubGifter,gryphonrootflyer,Add,2
"Mar 26, 2019 - 6:02:31 PM",PixelBot-SubGift,epic_ninja_elephant,Add,10
"Mar 26, 2019 - 6:02:32 PM",PixelBot-SubGifter,gryphonrootflyer,Add,2
"Mar 26, 2019 - 6:02:33 PM",PixelBot-SubGift,dryadteabot,Add,10
"Mar 26, 2019 - 6:13:19 PM",PixelBot-Raid,meghan,Add,14
"Mar 26, 2019 - 6:38:39 PM",PixelBot-Resub,blairbartlett,Add,10
"Mar 26, 2019 - 6:40:41 PM",PixelBot-Sub,stacyjgarrett,Add,10
"Mar 26, 2019 - 6:46:12 PM",RabbitTales,sweetvanaya,Add,10
"Mar 26, 2019 - 6:47:20 PM",RabbitTales,scoundrelle,Add,10
"Mar 26, 2019 - 6:51:49 PM",PixelBot-Resub,kaibloodtalon,Add,10
"Mar 26, 2019 - 6:53:17 PM",PixelBot-SubGifter,jekkceo,Add,2
"Mar 26, 2019 - 6:53:18 PM",PixelBot-SubGift,sweetvanaya,Add,10
"Mar 26, 2019 - 7:04:48 PM",RabbitTales,csharpfritz,ChatterPixels,1
"Mar 26, 2019 - 7:04:48 PM",RabbitTales,dryadteabot,ChatterPixels,1
"Mar 26, 2019 - 7:04:48 PM",RabbitTales,jekkceo,ChatterPixels,1
"Mar 26, 2019 - 7:04:48 PM",RabbitTales,rabbittales,ChatterPixels,1
"Mar 26, 2019 - 7:04:48 PM",RabbitTales,streamelements,ChatterPixels,1
"Mar 26, 2019 - 7:04:48 PM",RabbitTales,yet_tea,ChatterPixels,1
"Mar 26, 2019 - 7:04:48 PM",RabbitTales,alicatfiberarts,ChatterPixels,1
"Mar 26, 2019 - 7:04:48 PM",RabbitTales,arya_stormborn,ChatterPixels,1
"Mar 26, 2019 - 7:04:48 PM",RabbitTales,bananennanen,ChatterPixels,1
"Mar 26, 2019 - 7:04:48 PM",RabbitTales,bustopher,ChatterPixels,1
"Mar 26, 2019 - 7:04:48 PM",RabbitTales,commanderroot,ChatterPixels,1
"Mar 26, 2019 - 7:04:48 PM",RabbitTales,dementedkat,ChatterPixels,1
"Mar 26, 2019 - 7:04:48 PM",RabbitTales,devicat,ChatterPixels,1
"Mar 26, 2019 - 7:04:48 PM",RabbitTales,dryadtbot,ChatterPixels,1
"Mar 26, 2019 - 7:04:48 PM",RabbitTales,furrwizzer,ChatterPixels,1
"Mar 26, 2019 - 7:04:48 PM",RabbitTales,happycatastrophe,ChatterPixels,1
"Mar 26, 2019 - 7:04:48 PM",RabbitTales,heatherhitchman,ChatterPixels,1
"Mar 26, 2019 - 7:04:48 PM",RabbitTales,jose3083,ChatterPixels,1
"Mar 26, 2019 - 7:04:48 PM",RabbitTales,majinalchemist,ChatterPixels,1
"Mar 26, 2019 - 7:04:48 PM",RabbitTales,meghan,ChatterPixels,1
"Mar 26, 2019 - 7:04:48 PM",RabbitTales,n3td3v,ChatterPixels,1
"Mar 26, 2019 - 7:04:48 PM",RabbitTales,nahaldnin,ChatterPixels,1
"Mar 26, 2019 - 7:04:48 PM",RabbitTales,p0lizei_,ChatterPixels,1
"Mar 26, 2019 - 7:04:48 PM",RabbitTales,p0sitivitybot,ChatterPixels,1
"Mar 26, 2019 - 7:04:48 PM",RabbitTales,scoundrelle,ChatterPixels,1
"Mar 26, 2019 - 7:04:48 PM",RabbitTales,sharkana321,ChatterPixels,1
"Mar 26, 2019 - 7:04:48 PM",RabbitTales,stacyjgarrett,ChatterPixels,1
"Mar 26, 2019 - 7:04:48 PM",RabbitTales,sweet_peanut,ChatterPixels,1
"Mar 26, 2019 - 7:04:48 PM",RabbitTales,sweetvanaya,ChatterPixels,1
"Mar 26, 2019 - 7:04:48 PM",RabbitTales,umbridge1994,ChatterPixels,1
"Mar 26, 2019 - 7:04:48 PM",RabbitTales,v_and_k,ChatterPixels,1
"Mar 26, 2019 - 7:04:48 PM",RabbitTales,virgoproz,ChatterPixels,1
"Apr 09, 2019 - 5:41:52 PM",PixelBot-SubGifter,quiltoni,Add,2
"Apr 09, 2019 - 5:41:54 PM",PixelBot-SubGift,miselvanne,Add,10
"Apr 09, 2019 - 5:42:12 PM",PixelBot-SubGifter,quiltoni,Add,2
"Apr 09, 2019 - 5:42:14 PM",PixelBot-SubGift,capesandarrows,Add,10
"Apr 09, 2019 - 5:50:55 PM",PixelBot-Resub,jekkceo,Add,10
"Apr 09, 2019 - 5:57:45 PM",PixelBot-Resub,findstaci,Add,10
"Apr 09, 2019 - 5:58:40 PM",PixelBot-Resub,dementedkat,Add,60
"Apr 09, 2019 - 6:04:25 PM",PixelBot-Resub,rabbittales,Add,10
"Apr 09, 2019 - 6:19:31 PM",RabbitTales,3gingerhaze3,Add,10
"Apr 09, 2019 - 6:20:28 PM",RabbitTales,dementedkat,Add,10
"Apr 09, 2019 - 6:29:18 PM",PixelBot-Resub,lizardeatsflies,Add,10
"Apr 09, 2019 - 6:44:11 PM",PixelBot-Resub,chargersnowflake1023,Add,10
"Apr 09, 2019 - 7:27:49 PM",PixelBot-Resub,scoundrelle,Add,10
"Apr 09, 2019 - 7:31:22 PM",PixelBot-Resub,junie_von_esch,Add,10
"Apr 09, 2019 - 7:50:21 PM",RabbitTales,theluidaeg,Add,10
"Apr 09, 2019 - 7:51:44 PM",RabbitTales,scoundrelle,Add,10
"Apr 09, 2019 - 7:52:55 PM",RabbitTales,junie_von_esch,Add,10
"Apr 09, 2019 - 7:53:30 PM",RabbitTales,kaibloodtalon,Add,10
"Apr 09, 2019 - 7:54:22 PM",RabbitTales,theluidaeg,Add,10
"Apr 09, 2019 - 7:58:05 PM",PixelBot-Raid,stacyjgarrett,Add,5
"Apr 09, 2019 - 8:07:11 PM",RabbitTales,kiltedshaver,Add,10
"Apr 09, 2019 - 8:11:55 PM",PixelBot-Sub,wicked_dino,Add,10
"Apr 16, 2019 - 5:51:42 PM",RabbitTales,thescarletderby,Add,10
"Apr 16, 2019 - 5:52:07 PM",RabbitTales,arcturussadiablo,Add,10
"Apr 16, 2019 - 5:54:12 PM",PixelBot-SubGifter,arcturussadiablo,Add,2
"Apr 16, 2019 - 5:54:13 PM",PixelBot-SubGift,hnoss_of_trades,Add,10
"Apr 16, 2019 - 5:56:19 PM",PixelBot-Resub,quiltoni,Add,10
"Apr 16, 2019 - 6:23:40 PM",PixelBot-Raid,csharpfritz,Add,65
"Apr 16, 2019 - 6:24:47 PM",PixelBot-Sub,roberttables,Add,10
"Apr 16, 2019 - 6:25:24 PM",PixelBot-Resub,csharpfritz,Add,25
"Apr 16, 2019 - 6:25:52 PM",PixelBot-SubGifter,roberttables,Add,2
"Apr 16, 2019 - 6:25:54 PM",PixelBot-SubGift,atomikjaye,Add,10
"Apr 16, 2019 - 6:25:56 PM",PixelBot-SubGifter,roberttables,Add,2
"Apr 16, 2019 - 6:25:58 PM",PixelBot-SubGift,nerdyencounters,Add,10
"Apr 16, 2019 - 6:25:59 PM",PixelBot-SubGifter,roberttables,Add,2
"Apr 16, 2019 - 6:26:01 PM",PixelBot-SubGift,sausagecam,Add,10
"Apr 16, 2019 - 6:26:02 PM",PixelBot-SubGifter,roberttables,Add,2
"Apr 16, 2019 - 6:26:04 PM",PixelBot-SubGift,stormfist68,Add,10
"Apr 16, 2019 - 6:26:05 PM",PixelBot-SubGifter,roberttables,Add,2
"Apr 16, 2019 - 6:26:07 PM",PixelBot-SubGift,themichaeljolley,Add,10
"Apr 16, 2019 - 6:32:15 PM",PixelBot-SubGifter,quiltoni,Add,2
"Apr 16, 2019 - 6:32:17 PM",PixelBot-SubGift,wolfhybred,Add,10
"Apr 16, 2019 - 6:46:33 PM",RabbitTales,bootblackknight,ChatterPixels,1
"Apr 16, 2019 - 6:46:33 PM",RabbitTales,csharpfritz,ChatterPixels,1
"Apr 16, 2019 - 6:46:33 PM",RabbitTales,dryadteabot,ChatterPixels,1
"Apr 16, 2019 - 6:46:33 PM",RabbitTales,jekkceo,ChatterPixels,1
"Apr 16, 2019 - 6:46:33 PM",RabbitTales,rabbittales,ChatterPixels,1
"Apr 16, 2019 - 6:46:33 PM",RabbitTales,streamelements,ChatterPixels,1
"Apr 16, 2019 - 6:46:33 PM",RabbitTales,yet_tea,ChatterPixels,1
"Apr 16, 2019 - 6:46:33 PM",RabbitTales,amusedant,ChatterPixels,1
"Apr 16, 2019 - 6:46:33 PM",RabbitTales,andyfromlithuania,ChatterPixels,1
"Apr 16, 2019 - 6:46:33 PM",RabbitTales,apricotdrupefruit,ChatterPixels,1
"Apr 16, 2019 - 6:46:33 PM",RabbitTales,arcturussadiablo,ChatterPixels,1
"Apr 16, 2019 - 6:46:33 PM",RabbitTales,atomikjaye,ChatterPixels,1
"Apr 16, 2019 - 6:46:33 PM",RabbitTales,commanderroot,ChatterPixels,1
"Apr 16, 2019 - 6:46:33 PM",RabbitTales,cpayette,ChatterPixels,1
"Apr 16, 2019 - 6:46:33 PM",RabbitTales,culexknight,ChatterPixels,1
"Apr 16, 2019 - 6:46:33 PM",RabbitTales,daydragon,ChatterPixels,1
"Apr 16, 2019 - 6:46:33 PM",RabbitTales,dcaller,ChatterPixels,1
"Apr 16, 2019 - 6:46:33 PM",RabbitTales,defectiveautomaton,ChatterPixels,1
"Apr 16, 2019 - 6:46:33 PM",RabbitTales,dementedkat,ChatterPixels,1
"Apr 16, 2019 - 6:46:33 PM",RabbitTales,devicat,ChatterPixels,1
"Apr 16, 2019 - 6:46:33 PM",RabbitTales,drmariokart,ChatterPixels,1
"Apr 16, 2019 - 6:46:33 PM",RabbitTales,dryadtbot,ChatterPixels,1
"Apr 16, 2019 - 6:46:33 PM",RabbitTales,electricallongboard,ChatterPixels,1
"Apr 16, 2019 - 6:46:33 PM",RabbitTales,fox96_,ChatterPixels,1
"Apr 16, 2019 - 6:46:33 PM",RabbitTales,guy_peeters,ChatterPixels,1
"Apr 16, 2019 - 6:46:33 PM",RabbitTales,h0usebesuch,ChatterPixels,1
"Apr 16, 2019 - 6:46:33 PM",RabbitTales,iamnotmyself,ChatterPixels,1
"Apr 16, 2019 - 6:46:33 PM",RabbitTales,j0nth3k1ng,ChatterPixels,1
"Apr 16, 2019 - 6:46:33 PM",RabbitTales,jose3083,ChatterPixels,1
"Apr 16, 2019 - 6:46:33 PM",RabbitTales,lezzi,ChatterPixels,1
"Apr 16, 2019 - 6:46:33 PM",RabbitTales,majinalchemist,ChatterPixels,1
"Apr 16, 2019 - 6:46:33 PM",RabbitTales,merxxxxx,ChatterPixels,1
"Apr 16, 2019 - 6:46:33 PM",RabbitTales,motorkar,ChatterPixels,1
"Apr 16, 2019 - 6:46:33 PM",RabbitTales,muffinroyalty,ChatterPixels,1
"Apr 16, 2019 - 6:46:33 PM",RabbitTales,roberttables,ChatterPixels,1
"Apr 16, 2019 - 6:46:33 PM",RabbitTales,rodriguezefs,ChatterPixels,1
"Apr 16, 2019 - 6:46:33 PM",RabbitTales,senechalaudrey,ChatterPixels,1
"Apr 16, 2019 - 6:46:33 PM",RabbitTales,smallbacon,ChatterPixels,1
"Apr 16, 2019 - 6:46:33 PM",RabbitTales,sorskoot,ChatterPixels,1
"Apr 16, 2019 - 6:46:33 PM",RabbitTales,spacecato,ChatterPixels,1
"Apr 16, 2019 - 6:46:33 PM",RabbitTales,stormfist68,ChatterPixels,1
"Apr 16, 2019 - 6:46:33 PM",RabbitTales,svavablount,ChatterPixels,1
"Apr 16, 2019 - 6:46:33 PM",RabbitTales,sweetvanaya,ChatterPixels,1
"Apr 16, 2019 - 6:46:33 PM",RabbitTales,theskadooshofdestiny,ChatterPixels,1
"Apr 16, 2019 - 6:46:33 PM",RabbitTales,v_and_k,ChatterPixels,1
"Apr 16, 2019 - 6:46:33 PM",RabbitTales,virgoproz,ChatterPixels,1
"Apr 16, 2019 - 6:46:33 PM",RabbitTales,vitaminjeff,ChatterPixels,1
"Apr 16, 2019 - 6:46:33 PM",RabbitTales,wolfhybred,ChatterPixels,1
"Apr 16, 2019 - 6:48:02 PM",RabbitTales,roberttables,Add,10
"Apr 16, 2019 - 6:48:38 PM",RabbitTales,bootblackknight,ChatterPixels,1
"Apr 16, 2019 - 6:48:38 PM",RabbitTales,csharpfritz,ChatterPixels,1
"Apr 16, 2019 - 6:48:38 PM",RabbitTales,dryadteabot,ChatterPixels,1
"Apr 16, 2019 - 6:48:38 PM",RabbitTales,jekkceo,ChatterPixels,1
"Apr 16, 2019 - 6:48:38 PM",RabbitTales,rabbittales,ChatterPixels,1
"Apr 16, 2019 - 6:48:38 PM",RabbitTales,streamelements,ChatterPixels,1
"Apr 16, 2019 - 6:48:38 PM",RabbitTales,yet_tea,ChatterPixels,1
"Apr 16, 2019 - 6:48:38 PM",RabbitTales,amusedant,ChatterPixels,1
"Apr 16, 2019 - 6:48:38 PM",RabbitTales,andyfromlithuania,ChatterPixels,1
"Apr 16, 2019 - 6:48:38 PM",RabbitTales,apricotdrupefruit,ChatterPixels,1
"Apr 16, 2019 - 6:48:38 PM",RabbitTales,arcturussadiablo,ChatterPixels,1
"Apr 16, 2019 - 6:48:38 PM",RabbitTales,atomikjaye,ChatterPixels,1
"Apr 16, 2019 - 6:48:38 PM",RabbitTales,commanderroot,ChatterPixels,1
"Apr 16, 2019 - 6:48:38 PM",RabbitTales,cpayette,ChatterPixels,1
"Apr 16, 2019 - 6:48:38 PM",RabbitTales,culexknight,ChatterPixels,1
"Apr 16, 2019 - 6:48:38 PM",RabbitTales,daydragon,ChatterPixels,1
"Apr 16, 2019 - 6:48:38 PM",RabbitTales,dcaller,ChatterPixels,1
"Apr 16, 2019 - 6:48:38 PM",RabbitTales,defectiveautomaton,ChatterPixels,1
"Apr 16, 2019 - 6:48:38 PM",RabbitTales,dementedkat,ChatterPixels,1
"Apr 16, 2019 - 6:48:38 PM",RabbitTales,devicat,ChatterPixels,1
"Apr 16, 2019 - 6:48:38 PM",RabbitTales,drmariokart,ChatterPixels,1
"Apr 16, 2019 - 6:48:38 PM",RabbitTales,dryadtbot,ChatterPixels,1
"Apr 16, 2019 - 6:48:38 PM",RabbitTales,electricallongboard,ChatterPixels,1
"Apr 16, 2019 - 6:48:38 PM",RabbitTales,fox96_,ChatterPixels,1
"Apr 16, 2019 - 6:48:38 PM",RabbitTales,guy_peeters,ChatterPixels,1
"Apr 16, 2019 - 6:48:38 PM",RabbitTales,h0usebesuch,ChatterPixels,1
"Apr 16, 2019 - 6:48:38 PM",RabbitTales,iamnotmyself,ChatterPixels,1
"Apr 16, 2019 - 6:48:38 PM",RabbitTales,j0nth3k1ng,ChatterPixels,1
"Apr 16, 2019 - 6:48:38 PM",RabbitTales,jose3083,ChatterPixels,1
"Apr 16, 2019 - 6:48:38 PM",RabbitTales,lezzi,ChatterPixels,1
"Apr 16, 2019 - 6:48:38 PM",RabbitTales,majinalchemist,ChatterPixels,1
"Apr 16, 2019 - 6:48:38 PM",RabbitTales,merxxxxx,ChatterPixels,1
"Apr 16, 2019 - 6:48:38 PM",RabbitTales,motorkar,ChatterPixels,1
"Apr 16, 2019 - 6:48:38 PM",RabbitTales,muffinroyalty,ChatterPixels,1
"Apr 16, 2019 - 6:48:38 PM",RabbitTales,ninjacoder88,ChatterPixels,1
"Apr 16, 2019 - 6:48:38 PM",RabbitTales,roberttables,ChatterPixels,1
"Apr 16, 2019 - 6:48:38 PM",RabbitTales,rodriguezefs,ChatterPixels,1
"Apr 16, 2019 - 6:48:38 PM",RabbitTales,senechalaudrey,ChatterPixels,1
"Apr 16, 2019 - 6:48:38 PM",RabbitTales,smallbacon,ChatterPixels,1
"Apr 16, 2019 - 6:48:38 PM",RabbitTales,sorskoot,ChatterPixels,1
"Apr 16, 2019 - 6:48:38 PM",RabbitTales,spacecato,ChatterPixels,1
"Apr 16, 2019 - 6:48:38 PM",RabbitTales,stormfist68,ChatterPixels,1
"Apr 16, 2019 - 6:48:38 PM",RabbitTales,svavablount,ChatterPixels,1
"Apr 16, 2019 - 6:48:38 PM",RabbitTales,sweetvanaya,ChatterPixels,1
"Apr 16, 2019 - 6:48:38 PM",RabbitTales,teyyd,ChatterPixels,1
"Apr 16, 2019 - 6:48:38 PM",RabbitTales,theskadooshofdestiny,ChatterPixels,1
"Apr 16, 2019 - 6:48:38 PM",RabbitTales,v_and_k,ChatterPixels,1
"Apr 16, 2019 - 6:48:38 PM",RabbitTales,virgoproz,ChatterPixels,1
"Apr 16, 2019 - 6:48:38 PM",RabbitTales,vitaminjeff,ChatterPixels,1
"Apr 16, 2019 - 6:48:38 PM",RabbitTales,wolfhybred,ChatterPixels,1
"Apr 16, 2019 - 6:49:42 PM",RabbitTales,bootblackknight,ChatterPixels,1
"Apr 16, 2019 - 6:49:42 PM",RabbitTales,csharpfritz,ChatterPixels,1
"Apr 16, 2019 - 6:49:42 PM",RabbitTales,dryadteabot,ChatterPixels,1
"Apr 16, 2019 - 6:49:42 PM",RabbitTales,jekkceo,ChatterPixels,1
"Apr 16, 2019 - 6:49:42 PM",RabbitTales,rabbittales,ChatterPixels,1
"Apr 16, 2019 - 6:49:42 PM",RabbitTales,streamelements,ChatterPixels,1
"Apr 16, 2019 - 6:49:42 PM",RabbitTales,yet_tea,ChatterPixels,1
"Apr 16, 2019 - 6:49:42 PM",RabbitTales,amusedant,ChatterPixels,1
"Apr 16, 2019 - 6:49:42 PM",RabbitTales,andyfromlithuania,ChatterPixels,1
"Apr 16, 2019 - 6:49:42 PM",RabbitTales,apricotdrupefruit,ChatterPixels,1
"Apr 16, 2019 - 6:49:42 PM",RabbitTales,arcturussadiablo,ChatterPixels,1
"Apr 16, 2019 - 6:49:42 PM",RabbitTales,atomikjaye,ChatterPixels,1
"Apr 16, 2019 - 6:49:42 PM",RabbitTales,bscolaro,ChatterPixels,1
"Apr 16, 2019 - 6:49:42 PM",RabbitTales,commanderroot,ChatterPixels,1
"Apr 16, 2019 - 6:49:42 PM",RabbitTales,cpayette,ChatterPixels,1
"Apr 16, 2019 - 6:49:42 PM",RabbitTales,culexknight,ChatterPixels,1
"Apr 16, 2019 - 6:49:42 PM",RabbitTales,daydragon,ChatterPixels,1
"Apr 16, 2019 - 6:49:42 PM",RabbitTales,dcaller,ChatterPixels,1
"Apr 16, 2019 - 6:49:42 PM",RabbitTales,defectiveautomaton,ChatterPixels,1
"Apr 16, 2019 - 6:49:42 PM",RabbitTales,dementedkat,ChatterPixels,1
"Apr 16, 2019 - 6:49:42 PM",RabbitTales,devicat,ChatterPixels,1
"Apr 16, 2019 - 6:49:42 PM",RabbitTales,drmariokart,ChatterPixels,1
"Apr 16, 2019 - 6:49:42 PM",RabbitTales,dryadtbot,ChatterPixels,1
"Apr 16, 2019 - 6:49:42 PM",RabbitTales,electricallongboard,ChatterPixels,1
"Apr 16, 2019 - 6:49:42 PM",RabbitTales,fox96_,ChatterPixels,1
"Apr 16, 2019 - 6:49:42 PM",RabbitTales,guy_peeters,ChatterPixels,1
"Apr 16, 2019 - 6:49:42 PM",RabbitTales,h0usebesuch,ChatterPixels,1
"Apr 16, 2019 - 6:49:42 PM",RabbitTales,iamnotmyself,ChatterPixels,1
"Apr 16, 2019 - 6:49:42 PM",RabbitTales,j0nth3k1ng,ChatterPixels,1
"Apr 16, 2019 - 6:49:42 PM",RabbitTales,jose3083,ChatterPixels,1
"Apr 16, 2019 - 6:49:42 PM",RabbitTales,lezzi,ChatterPixels,1
"Apr 16, 2019 - 6:49:42 PM",RabbitTales,majinalchemist,ChatterPixels,1
"Apr 16, 2019 - 6:49:42 PM",RabbitTales,merxxxxx,ChatterPixels,1
"Apr 16, 2019 - 6:49:42 PM",RabbitTales,motorkar,ChatterPixels,1
"Apr 16, 2019 - 6:49:42 PM",RabbitTales,muffinroyalty,ChatterPixels,1
"Apr 16, 2019 - 6:49:42 PM",RabbitTales,ninjacoder88,ChatterPixels,1
"Apr 16, 2019 - 6:49:42 PM",RabbitTales,roberttables,ChatterPixels,1
"Apr 16, 2019 - 6:49:42 PM",RabbitTales,rodriguezefs,ChatterPixels,1
"Apr 16, 2019 - 6:49:42 PM",RabbitTales,senechalaudrey,ChatterPixels,1
"Apr 16, 2019 - 6:49:42 PM",RabbitTales,smallbacon,ChatterPixels,1
"Apr 16, 2019 - 6:49:42 PM",RabbitTales,sorskoot,ChatterPixels,1
"Apr 16, 2019 - 6:49:42 PM",RabbitTales,spacecato,ChatterPixels,1
"Apr 16, 2019 - 6:49:42 PM",RabbitTales,stormfist68,ChatterPixels,1
"Apr 16, 2019 - 6:49:42 PM",RabbitTales,svavablount,ChatterPixels,1
"Apr 16, 2019 - 6:49:42 PM",RabbitTales,sweetvanaya,ChatterPixels,1
"Apr 16, 2019 - 6:49:42 PM",RabbitTales,teyyd,ChatterPixels,1
"Apr 16, 2019 - 6:49:42 PM",RabbitTales,theskadooshofdestiny,ChatterPixels,1
"Apr 16, 2019 - 6:49:42 PM",RabbitTales,v_and_k,ChatterPixels,1
"Apr 16, 2019 - 6:49:42 PM",RabbitTales,virgoproz,ChatterPixels,1
"Apr 16, 2019 - 6:49:42 PM",RabbitTales,vitaminjeff,ChatterPixels,1
"Apr 16, 2019 - 6:49:42 PM",RabbitTales,wolfhybred,ChatterPixels,1
"Apr 16, 2019 - 6:53:02 PM",RabbitTales,jose3083,Add,4
"Apr 17, 2019 - 5:44:47 PM",PixelBot-Resub,bootblackknight,Add,10
"Apr 17, 2019 - 5:45:32 PM",PixelBot-Resub,findstaci,Add,10
"Apr 17, 2019 - 5:56:49 PM",PixelBot-Raid,quiltoni,Add,58
"Apr 17, 2019 - 6:00:30 PM",PixelBot-Resub,alicatfiberarts,Add,10
"Apr 17, 2019 - 6:27:16 PM",PixelBot-SubGifter,arcturussadiablo,Add,2
"Apr 17, 2019 - 6:27:17 PM",PixelBot-SubGift,moppelversum,Add,10
"Apr 17, 2019 - 6:27:17 PM",PixelBot-SubGifter,arcturussadiablo,Add,2
"Apr 17, 2019 - 6:27:19 PM",PixelBot-SubGift,ziliel47,Add,10
"Apr 17, 2019 - 6:27:19 PM",PixelBot-SubGifter,arcturussadiablo,Add,2
"Apr 17, 2019 - 6:27:20 PM",PixelBot-SubGift,jackdfrozen,Add,10
"Apr 17, 2019 - 6:27:21 PM",PixelBot-SubGifter,arcturussadiablo,Add,2
"Apr 17, 2019 - 6:27:22 PM",PixelBot-SubGift,evilbloodude,Add,10
"Apr 17, 2019 - 6:27:23 PM",PixelBot-SubGifter,arcturussadiablo,Add,2
"Apr 17, 2019 - 6:27:24 PM",PixelBot-SubGift,azurekoi,Add,10
"Apr 17, 2019 - 6:27:25 PM",PixelBot-SubGifter,arcturussadiablo,Add,2
"Apr 17, 2019 - 6:27:26 PM",PixelBot-SubGift,zuriusiku,Add,10
"Apr 17, 2019 - 6:27:26 PM",PixelBot-SubGifter,arcturussadiablo,Add,2
"Apr 17, 2019 - 6:27:28 PM",PixelBot-SubGift,emilyrosecalico,Add,10
"Apr 17, 2019 - 6:27:28 PM",PixelBot-SubGifter,arcturussadiablo,Add,2
"Apr 17, 2019 - 6:27:29 PM",PixelBot-SubGift,injapahn,Add,10
"Apr 17, 2019 - 6:27:30 PM",PixelBot-SubGifter,arcturussadiablo,Add,2
"Apr 17, 2019 - 6:27:31 PM",PixelBot-SubGift,starlitcreations,Add,10
"Apr 17, 2019 - 6:27:31 PM",PixelBot-SubGifter,arcturussadiablo,Add,2
"Apr 17, 2019 - 6:27:32 PM",PixelBot-SubGift,dryadtbot,Add,10
"Apr 17, 2019 - 6:31:26 PM",PixelBot-SubGifter,bootblackknight,Add,2
"Apr 17, 2019 - 6:31:27 PM",PixelBot-SubGift,rosaline924,Add,10
"Apr 17, 2019 - 6:31:49 PM",PixelBot-SubGifter,bootblackknight,Add,2
"Apr 17, 2019 - 6:31:50 PM",PixelBot-SubGift,happycatastrophe,Add,10
"Apr 17, 2019 - 6:34:21 PM",PixelBot-SubGifter,ananonymousgifter,Add,2
"Apr 17, 2019 - 6:34:22 PM",PixelBot-SubGift,gnerble,Add,10
"Apr 17, 2019 - 6:35:19 PM",PixelBot-Resub,cloudraven81,Add,10
"Apr 17, 2019 - 6:37:17 PM",PixelBot-Resub,3gingerhaze3,Add,10
"Apr 17, 2019 - 6:37:39 PM",PixelBot-Resub,yet_tea,Add,10
"Apr 17, 2019 - 6:43:33 PM",PixelBot-Resub,blairbartlett,Add,10
"Apr 17, 2019 - 6:48:04 PM",RabbitTales,3gingerhaze3,Add,10
"Apr 17, 2019 - 6:48:47 PM",RabbitTales,shannyrocks,Add,10
"Apr 17, 2019 - 6:49:44 PM",RabbitTales,bootblackknight,Add,10
"Apr 17, 2019 - 6:50:07 PM",RabbitTales,bootblackknight,Add,-10
"Apr 17, 2019 - 6:50:12 PM",RabbitTales,bootblackknight,ChatterPixels,1
"Apr 17, 2019 - 6:50:12 PM",RabbitTales,dryadteabot,ChatterPixels,1
"Apr 17, 2019 - 6:50:12 PM",RabbitTales,jekkceo,ChatterPixels,1
"Apr 17, 2019 - 6:50:12 PM",RabbitTales,rabbittales,ChatterPixels,1
"Apr 17, 2019 - 6:50:12 PM",RabbitTales,streamelements,ChatterPixels,1
"Apr 17, 2019 - 6:50:12 PM",RabbitTales,yet_tea,ChatterPixels,1
"Apr 17, 2019 - 6:50:12 PM",RabbitTales,3gingerhaze3,ChatterPixels,1
"Apr 17, 2019 - 6:50:12 PM",RabbitTales,alicatfiberarts,ChatterPixels,1
"Apr 17, 2019 - 6:50:12 PM",RabbitTales,anani,ChatterPixels,1
"Apr 17, 2019 - 6:50:12 PM",RabbitTales,apricotdrupefruit,ChatterPixels,1
"Apr 17, 2019 - 6:50:12 PM",RabbitTales,arcturussadiablo,ChatterPixels,1
"Apr 17, 2019 - 6:50:12 PM",RabbitTales,arya_stormborn,ChatterPixels,1
"Apr 17, 2019 - 6:50:12 PM",RabbitTales,azurekoi,ChatterPixels,1
"Apr 17, 2019 - 6:50:12 PM",RabbitTales,blairbartlett,ChatterPixels,1
"Apr 17, 2019 - 6:50:12 PM",RabbitTales,bustopher,ChatterPixels,1
"Apr 17, 2019 - 6:50:12 PM",RabbitTales,cactusowl,ChatterPixels,1
"Apr 17, 2019 - 6:50:12 PM",RabbitTales,cinnibar,ChatterPixels,1
"Apr 17, 2019 - 6:50:12 PM",RabbitTales,cloudraven81,ChatterPixels,1
"Apr 17, 2019 - 6:50:12 PM",RabbitTales,commanderroot,ChatterPixels,1
"Apr 17, 2019 - 6:50:12 PM",RabbitTales,craftyminergal,ChatterPixels,1
"Apr 17, 2019 - 6:50:12 PM",RabbitTales,dementedkat,ChatterPixels,1
"Apr 17, 2019 - 6:50:12 PM",RabbitTales,dryadtbot,ChatterPixels,1
"Apr 17, 2019 - 6:50:12 PM",RabbitTales,electricallongboard,ChatterPixels,1
"Apr 17, 2019 - 6:50:12 PM",RabbitTales,evilbloodude,ChatterPixels,1
"Apr 17, 2019 - 6:50:12 PM",RabbitTales,findstaci,ChatterPixels,1
"Apr 17, 2019 - 6:50:12 PM",RabbitTales,gnerble,ChatterPixels,1
"Apr 17, 2019 - 6:50:12 PM",RabbitTales,happycatastrophe,ChatterPixels,1
"Apr 17, 2019 - 6:50:12 PM",RabbitTales,heather1209,ChatterPixels,1
"Apr 17, 2019 - 6:50:12 PM",RabbitTales,impistry,ChatterPixels,1
"Apr 17, 2019 - 6:50:12 PM",RabbitTales,injapahn,ChatterPixels,1
"Apr 17, 2019 - 6:50:12 PM",RabbitTales,ironmania2003,ChatterPixels,1
"Apr 17, 2019 - 6:50:12 PM",RabbitTales,jackdfrozen,ChatterPixels,1
"Apr 17, 2019 - 6:50:12 PM",RabbitTales,jose3083,ChatterPixels,1
"Apr 17, 2019 - 6:50:12 PM",RabbitTales,krakenbein,ChatterPixels,1
"Apr 17, 2019 - 6:50:12 PM",RabbitTales,minnionmama,ChatterPixels,1
"Apr 17, 2019 - 6:50:12 PM",RabbitTales,miselvanne,ChatterPixels,1
"Apr 17, 2019 - 6:50:12 PM",RabbitTales,moonwitchdancing,ChatterPixels,1
"Apr 17, 2019 - 6:50:12 PM",RabbitTales,phoenyxashe,ChatterPixels,1
"Apr 17, 2019 - 6:50:12 PM",RabbitTales,puppetmasterzee,ChatterPixels,1
"Apr 17, 2019 - 6:50:12 PM",RabbitTales,rodriguezefs,ChatterPixels,1
"Apr 17, 2019 - 6:50:12 PM",RabbitTales,rosaline924,ChatterPixels,1
"Apr 17, 2019 - 6:50:12 PM",RabbitTales,scoundrelle,ChatterPixels,1
"Apr 17, 2019 - 6:50:12 PM",RabbitTales,serenity193,ChatterPixels,1
"Apr 17, 2019 - 6:50:12 PM",RabbitTales,shadowfaerieammy,ChatterPixels,1
"Apr 17, 2019 - 6:50:12 PM",RabbitTales,shannyrocks,ChatterPixels,1
"Apr 17, 2019 - 6:50:12 PM",RabbitTales,soccerfields,ChatterPixels,1
"Apr 17, 2019 - 6:50:12 PM",RabbitTales,stacyjgarrett,ChatterPixels,1
"Apr 17, 2019 - 6:50:12 PM",RabbitTales,sweetvanaya,ChatterPixels,1
"Apr 17, 2019 - 6:50:12 PM",RabbitTales,teyyd,ChatterPixels,1
"Apr 17, 2019 - 6:50:12 PM",RabbitTales,v_and_k,ChatterPixels,1
"Apr 17, 2019 - 6:50:12 PM",RabbitTales,victoryismine000,ChatterPixels,1
"Apr 17, 2019 - 6:50:12 PM",RabbitTales,virgoproz,ChatterPixels,1
"Apr 17, 2019 - 6:50:12 PM",RabbitTales,wicked_dino,ChatterPixels,1
"Apr 17, 2019 - 6:50:12 PM",RabbitTales,wyndstar,ChatterPixels,1
"Apr 17, 2019 - 6:50:12 PM",RabbitTales,zarannya,ChatterPixels,1
"Apr 17, 2019 - 6:50:12 PM",RabbitTales,ziliel47,ChatterPixels,1
"Apr 17, 2019 - 6:50:12 PM",RabbitTales,zirconmermaid,ChatterPixels,1
"Apr 17, 2019 - 6:50:12 PM",RabbitTales,zuriusiku,ChatterPixels,1
"Apr 17, 2019 - 6:50:30 PM",RabbitTales,arya_stormborn,Add,10
"Apr 17, 2019 - 6:50:33 PM",DryadTea,bootblackknight,Add,-10
"Apr 17, 2019 - 6:51:05 PM",DryadTea,bootblackknight,Add,10
"Apr 17, 2019 - 6:52:03 PM",RabbitTales,jose3083,Add,10
"Apr 17, 2019 - 6:52:46 PM",RabbitTales,kiltedshaver,Add,10
"Apr 17, 2019 - 6:53:57 PM",RabbitTales,arya_stormborn,Add,10
"Apr 17, 2019 - 6:55:25 PM",RabbitTales,cactusowl,Add,10
"Apr 17, 2019 - 6:56:15 PM",PixelBot-Resub,rabbitman109,Add,10
"Apr 17, 2019 - 6:56:41 PM",RabbitTales,dementedkat,Add,10
"Apr 17, 2019 - 6:57:12 PM",RabbitTales,emilyrosecalico,Add,10
"Apr 17, 2019 - 6:58:33 PM",RabbitTales,arya_stormborn,Add,10
"Apr 17, 2019 - 6:59:14 PM",RabbitTales,3gingerhaze3,Add,10
"Apr 17, 2019 - 6:59:59 PM",RabbitTales,gryphonrootflyer,Add,10
"Apr 17, 2019 - 7:00:37 PM",PixelBot-SubGifter,rabbitman109,Add,2
"Apr 17, 2019 - 7:00:39 PM",PixelBot-SubGift,puppetmasterzee,Add,10
"Apr 17, 2019 - 7:00:40 PM",PixelBot-SubGifter,rabbitman109,Add,2
"Apr 17, 2019 - 7:00:41 PM",PixelBot-SubGift,zarannya,Add,10
"Apr 17, 2019 - 7:00:42 PM",PixelBot-SubGifter,rabbitman109,Add,2
"Apr 17, 2019 - 7:00:44 PM",PixelBot-SubGift,jose3083,Add,10
"Apr 17, 2019 - 7:00:45 PM",PixelBot-SubGifter,rabbitman109,Add,2
"Apr 17, 2019 - 7:00:46 PM",PixelBot-SubGift,shannyrocks,Add,10
"Apr 17, 2019 - 7:00:47 PM",PixelBot-SubGifter,rabbitman109,Add,2
"Apr 17, 2019 - 7:00:48 PM",PixelBot-SubGift,bustopher,Add,10
"Apr 17, 2019 - 7:00:49 PM",RabbitTales,phoenyxashe,Add,10
"Apr 17, 2019 - 7:02:41 PM",RabbitTales,stacyjgarrett,Add,10
"Apr 17, 2019 - 7:06:24 PM",RabbitTales,rabbitman109,Add,10
"Apr 17, 2019 - 7:07:07 PM",RabbitTales,bootblackknight,ChatterPixels,1
"Apr 17, 2019 - 7:07:07 PM",RabbitTales,dryadteabot,ChatterPixels,1
"Apr 17, 2019 - 7:07:07 PM",RabbitTales,gryphonrootflyer,ChatterPixels,1
"Apr 17, 2019 - 7:07:07 PM",RabbitTales,jekkceo,ChatterPixels,1
"Apr 17, 2019 - 7:07:07 PM",RabbitTales,rabbittales,ChatterPixels,1
"Apr 17, 2019 - 7:07:07 PM",RabbitTales,streamelements,ChatterPixels,1
"Apr 17, 2019 - 7:07:07 PM",RabbitTales,yet_tea,ChatterPixels,1
"Apr 17, 2019 - 7:07:07 PM",RabbitTales,3gingerhaze3,ChatterPixels,1
"Apr 17, 2019 - 7:07:07 PM",RabbitTales,alicatfiberarts,ChatterPixels,1
"Apr 17, 2019 - 7:07:07 PM",RabbitTales,alksoe310,ChatterPixels,1
"Apr 17, 2019 - 7:07:07 PM",RabbitTales,anani,ChatterPixels,1
"Apr 17, 2019 - 7:07:07 PM",RabbitTales,anotherttvviewer,ChatterPixels,1
"Apr 17, 2019 - 7:07:07 PM",RabbitTales,apricotdrupefruit,ChatterPixels,1
"Apr 17, 2019 - 7:07:07 PM",RabbitTales,arcturussadiablo,ChatterPixels,1
"Apr 17, 2019 - 7:07:07 PM",RabbitTales,arya_stormborn,ChatterPixels,1
"Apr 17, 2019 - 7:07:07 PM",RabbitTales,azurekoi,ChatterPixels,1
"Apr 17, 2019 - 7:07:07 PM",RabbitTales,blairbartlett,ChatterPixels,1
"Apr 17, 2019 - 7:07:07 PM",RabbitTales,bustopher,ChatterPixels,1
"Apr 17, 2019 - 7:07:07 PM",RabbitTales,cinnibar,ChatterPixels,1
"Apr 17, 2019 - 7:07:07 PM",RabbitTales,cloudraven81,ChatterPixels,1
"Apr 17, 2019 - 7:07:07 PM",RabbitTales,commanderroot,ChatterPixels,1
"Apr 17, 2019 - 7:07:07 PM",RabbitTales,craftyminergal,ChatterPixels,1
"Apr 17, 2019 - 7:07:07 PM",RabbitTales,dementedkat,ChatterPixels,1
"Apr 17, 2019 - 7:07:07 PM",RabbitTales,dryadtbot,ChatterPixels,1
"Apr 17, 2019 - 7:07:07 PM",RabbitTales,electricallongboard,ChatterPixels,1
"Apr 17, 2019 - 7:07:07 PM",RabbitTales,evilbloodude,ChatterPixels,1
"Apr 17, 2019 - 7:07:07 PM",RabbitTales,findstaci,ChatterPixels,1
"Apr 17, 2019 - 7:07:07 PM",RabbitTales,gnerble,ChatterPixels,1
"Apr 17, 2019 - 7:07:07 PM",RabbitTales,happycatastrophe,ChatterPixels,1
"Apr 17, 2019 - 7:07:07 PM",RabbitTales,heather1209,ChatterPixels,1
"Apr 17, 2019 - 7:07:07 PM",RabbitTales,heatherhitchman,ChatterPixels,1
"Apr 17, 2019 - 7:07:07 PM",RabbitTales,impistry,ChatterPixels,1
"Apr 17, 2019 - 7:07:07 PM",RabbitTales,injapahn,ChatterPixels,1
"Apr 17, 2019 - 7:07:07 PM",RabbitTales,ironmania2003,ChatterPixels,1
"Apr 17, 2019 - 7:07:07 PM",RabbitTales,jackdfrozen,ChatterPixels,1
"Apr 17, 2019 - 7:07:07 PM",RabbitTales,jose3083,ChatterPixels,1
"Apr 17, 2019 - 7:07:07 PM",RabbitTales,krakenbein,ChatterPixels,1
"Apr 17, 2019 - 7:07:07 PM",RabbitTales,minnionmama,ChatterPixels,1
"Apr 17, 2019 - 7:07:07 PM",RabbitTales,miselvanne,ChatterPixels,1
"Apr 17, 2019 - 7:07:07 PM",RabbitTales,moonwitchdancing,ChatterPixels,1
"Apr 17, 2019 - 7:07:07 PM",RabbitTales,phoenyxashe,ChatterPixels,1
"Apr 17, 2019 - 7:07:07 PM",RabbitTales,puppetmasterzee,ChatterPixels,1
"Apr 17, 2019 - 7:07:07 PM",RabbitTales,rodriguezefs,ChatterPixels,1
"Apr 17, 2019 - 7:07:07 PM",RabbitTales,rosaline924,ChatterPixels,1
"Apr 17, 2019 - 7:07:07 PM",RabbitTales,scoundrelle,ChatterPixels,1
"Apr 17, 2019 - 7:07:07 PM",RabbitTales,serenity193,ChatterPixels,1
"Apr 17, 2019 - 7:07:07 PM",RabbitTales,shadowfaerieammy,ChatterPixels,1
"Apr 17, 2019 - 7:07:07 PM",RabbitTales,shannyrocks,ChatterPixels,1
"Apr 17, 2019 - 7:07:07 PM",RabbitTales,soccerfields,ChatterPixels,1
"Apr 17, 2019 - 7:07:07 PM",RabbitTales,stacyjgarrett,ChatterPixels,1
"Apr 17, 2019 - 7:07:07 PM",RabbitTales,sweetvanaya,ChatterPixels,1
"Apr 17, 2019 - 7:07:07 PM",RabbitTales,teyyd,ChatterPixels,1
"Apr 17, 2019 - 7:07:07 PM",RabbitTales,theskadooshofdestiny,ChatterPixels,1
"Apr 17, 2019 - 7:07:07 PM",RabbitTales,v_and_k,ChatterPixels,1
"Apr 17, 2019 - 7:07:07 PM",RabbitTales,victoryismine000,ChatterPixels,1
"Apr 17, 2019 - 7:07:07 PM",RabbitTales,virgoproz,ChatterPixels,1
"Apr 17, 2019 - 7:07:07 PM",RabbitTales,wyndstar,ChatterPixels,1
"Apr 17, 2019 - 7:07:07 PM",RabbitTales,zarannya,ChatterPixels,1
"Apr 17, 2019 - 7:07:07 PM",RabbitTales,zirconmermaid,ChatterPixels,1
"Apr 17, 2019 - 7:07:07 PM",RabbitTales,zuriusiku,ChatterPixels,1
"Apr 17, 2019 - 7:08:01 PM",RabbitTales,arcturussadiablo,Add,10
"Apr 17, 2019 - 7:08:45 PM",RabbitTales,dementedkat,Add,10
"Apr 17, 2019 - 7:09:37 PM",RabbitTales,wicked_dino,Add,10
"Apr 17, 2019 - 7:10:16 PM",RabbitTales,wicked_dino,Add,-10
"Apr 17, 2019 - 7:10:39 PM",RabbitTales,quiltoni,Add,10
"Apr 17, 2019 - 7:14:08 PM",PixelBot-SubGifter,quiltoni,Add,2
"Apr 17, 2019 - 7:14:09 PM",PixelBot-SubGift,cinnibar,Add,10
"Apr 17, 2019 - 7:14:24 PM",PixelBot-SubGifter,ananonymousgifter,Add,2
"Apr 17, 2019 - 7:14:27 PM",PixelBot-SubGift,mongo686,Add,10
"Apr 17, 2019 - 7:18:39 PM",PixelBot-Raid,devicat,Add,47
"Apr 17, 2019 - 7:34:33 PM",PixelBot-Resub,krys_turtle,Add,10
"Apr 17, 2019 - 7:47:01 PM",PixelBot-SubGifter,rabbitman109,Add,2
"Apr 17, 2019 - 7:47:02 PM",PixelBot-SubGift,rodriguezefs,Add,10
"Apr 17, 2019 - 7:55:10 PM",RabbitTales,zirconmermaid,Add,10
"Apr 17, 2019 - 7:55:54 PM",RabbitTales,azurekoi,Add,10
"Apr 17, 2019 - 7:56:32 PM",RabbitTales,phoenyxashe,Add,10
"Apr 17, 2019 - 7:57:16 PM",RabbitTales,scoundrelle,Add,10
"Apr 17, 2019 - 7:59:56 PM",RabbitTales,kiltedshaver,Add,10
"Apr 17, 2019 - 8:00:56 PM",RabbitTales,zirconmermaid,Add,10
"Apr 17, 2019 - 8:01:40 PM",RabbitTales,bootblackknight,ChatterPixels,1
"Apr 17, 2019 - 8:01:40 PM",RabbitTales,csharpfritz,ChatterPixels,1
"Apr 17, 2019 - 8:01:40 PM",RabbitTales,dryadteabot,ChatterPixels,1
"Apr 17, 2019 - 8:01:40 PM",RabbitTales,gryphonrootflyer,ChatterPixels,1
"Apr 17, 2019 - 8:01:40 PM",RabbitTales,jekkceo,ChatterPixels,1
"Apr 17, 2019 - 8:01:40 PM",RabbitTales,rabbittales,ChatterPixels,1
"Apr 17, 2019 - 8:01:40 PM",RabbitTales,streamelements,ChatterPixels,1
"Apr 17, 2019 - 8:01:40 PM",RabbitTales,yet_tea,ChatterPixels,1
"Apr 17, 2019 - 8:01:40 PM",RabbitTales,3gingerhaze3,ChatterPixels,1
"Apr 17, 2019 - 8:01:40 PM",RabbitTales,adam102102,ChatterPixels,1
"Apr 17, 2019 - 8:01:40 PM",RabbitTales,aethoraa,ChatterPixels,1
"Apr 17, 2019 - 8:01:40 PM",RabbitTales,alicatfiberarts,ChatterPixels,1
"Apr 17, 2019 - 8:01:40 PM",RabbitTales,alksoe310,ChatterPixels,1
"Apr 17, 2019 - 8:01:40 PM",RabbitTales,anani,ChatterPixels,1
"Apr 17, 2019 - 8:01:40 PM",RabbitTales,anotherttvviewer,ChatterPixels,1
"Apr 17, 2019 - 8:01:40 PM",RabbitTales,apricotdrupefruit,ChatterPixels,1
"Apr 17, 2019 - 8:01:40 PM",RabbitTales,arcturussadiablo,ChatterPixels,1
"Apr 17, 2019 - 8:01:40 PM",RabbitTales,arya_stormborn,ChatterPixels,1
"Apr 17, 2019 - 8:01:40 PM",RabbitTales,austin1617,ChatterPixels,1
"Apr 17, 2019 - 8:01:40 PM",RabbitTales,azurekoi,ChatterPixels,1
"Apr 17, 2019 - 8:01:40 PM",RabbitTales,belzarak,ChatterPixels,1
"Apr 17, 2019 - 8:01:40 PM",RabbitTales,blairbartlett,ChatterPixels,1
"Apr 17, 2019 - 8:01:40 PM",RabbitTales,bokimoto,ChatterPixels,1
"Apr 17, 2019 - 8:01:40 PM",RabbitTales,bustopher,ChatterPixels,1
"Apr 17, 2019 - 8:01:40 PM",RabbitTales,capesandarrows,ChatterPixels,1
"Apr 17, 2019 - 8:01:40 PM",RabbitTales,cloudraven81,ChatterPixels,1
"Apr 17, 2019 - 8:01:40 PM",RabbitTales,commanderroot,ChatterPixels,1
"Apr 17, 2019 - 8:01:40 PM",RabbitTales,craftyminergal,ChatterPixels,1
"Apr 17, 2019 - 8:01:40 PM",RabbitTales,crusnik_x,ChatterPixels,1
"Apr 17, 2019 - 8:01:40 PM",RabbitTales,deem518,ChatterPixels,1
"Apr 17, 2019 - 8:01:40 PM",RabbitTales,dementedkat,ChatterPixels,1
"Apr 17, 2019 - 8:01:40 PM",RabbitTales,dovahkiin45,ChatterPixels,1
"Apr 17, 2019 - 8:01:40 PM",RabbitTales,dryadtbot,ChatterPixels,1
"Apr 17, 2019 - 8:01:40 PM",RabbitTales,dyllidan,ChatterPixels,1
"Apr 17, 2019 - 8:01:40 PM",RabbitTales,electricallongboard,ChatterPixels,1
"Apr 17, 2019 - 8:01:40 PM",RabbitTales,evil_nights,ChatterPixels,1
"Apr 17, 2019 - 8:01:40 PM",RabbitTales,findstaci,ChatterPixels,1
"Apr 17, 2019 - 8:01:40 PM",RabbitTales,gamelairtim,ChatterPixels,1
"Apr 17, 2019 - 8:01:40 PM",RabbitTales,happycatastrophe,ChatterPixels,1
"Apr 17, 2019 - 8:01:40 PM",RabbitTales,heatherhitchman,ChatterPixels,1
"Apr 17, 2019 - 8:01:40 PM",RabbitTales,ilovehellokitty11,ChatterPixels,1
"Apr 17, 2019 - 8:01:40 PM",RabbitTales,inaeries,ChatterPixels,1
"Apr 17, 2019 - 8:01:40 PM",RabbitTales,injapahn,ChatterPixels,1
"Apr 17, 2019 - 8:01:40 PM",RabbitTales,ironmania2003,ChatterPixels,1
"Apr 17, 2019 - 8:01:40 PM",RabbitTales,jack_c,ChatterPixels,1
"Apr 17, 2019 - 8:01:40 PM",RabbitTales,jaylove_crafts,ChatterPixels,1
"Apr 17, 2019 - 8:01:40 PM",RabbitTales,jose3083,ChatterPixels,1
"Apr 17, 2019 - 8:01:40 PM",RabbitTales,krakenbein,ChatterPixels,1
"Apr 17, 2019 - 8:01:40 PM",RabbitTales,lunapiecosplay,ChatterPixels,1
"Apr 17, 2019 - 8:01:40 PM",RabbitTales,majinalchemist,ChatterPixels,1
"Apr 17, 2019 - 8:01:40 PM",RabbitTales,marcus_steel,ChatterPixels,1
"Apr 17, 2019 - 8:01:40 PM",RabbitTales,minnionmama,ChatterPixels,1
"Apr 17, 2019 - 8:01:40 PM",RabbitTales,mlasuk,ChatterPixels,1
"Apr 17, 2019 - 8:01:40 PM",RabbitTales,mongo686,ChatterPixels,1
"Apr 17, 2019 - 8:01:40 PM",RabbitTales,moonwitchdancing,ChatterPixels,1
"Apr 17, 2019 - 8:01:40 PM",RabbitTales,mrcrazysailor,ChatterPixels,1
"Apr 17, 2019 - 8:01:40 PM",RabbitTales,nekocakeart,ChatterPixels,1
"Apr 17, 2019 - 8:01:40 PM",RabbitTales,permanentviolet,ChatterPixels,1
"Apr 17, 2019 - 8:01:40 PM",RabbitTales,phoenyxashe,ChatterPixels,1
"Apr 17, 2019 - 8:01:40 PM",RabbitTales,psygriffio,ChatterPixels,1
"Apr 17, 2019 - 8:01:40 PM",RabbitTales,rodriguezefs,ChatterPixels,1
"Apr 17, 2019 - 8:01:40 PM",RabbitTales,rosaline924,ChatterPixels,1
"Apr 17, 2019 - 8:01:40 PM",RabbitTales,scoundrelle,ChatterPixels,1
"Apr 17, 2019 - 8:01:40 PM",RabbitTales,serenity193,ChatterPixels,1
"Apr 17, 2019 - 8:01:40 PM",RabbitTales,snooupy_,ChatterPixels,1
"Apr 17, 2019 - 8:01:40 PM",RabbitTales,speed_freak86,ChatterPixels,1
"Apr 17, 2019 - 8:01:40 PM",RabbitTales,stacyjgarrett,ChatterPixels,1
"Apr 17, 2019 - 8:01:40 PM",RabbitTales,sweetvanaya,ChatterPixels,1
"Apr 17, 2019 - 8:01:40 PM",RabbitTales,teyyd,ChatterPixels,1
"Apr 17, 2019 - 8:01:40 PM",RabbitTales,thepugtater,ChatterPixels,1
"Apr 17, 2019 - 8:01:40 PM",RabbitTales,theskadooshofdestiny,ChatterPixels,1
"Apr 17, 2019 - 8:01:40 PM",RabbitTales,ticktacktoe2,ChatterPixels,1
"Apr 17, 2019 - 8:01:40 PM",RabbitTales,v_and_k,ChatterPixels,1
"Apr 17, 2019 - 8:01:40 PM",RabbitTales,virgoproz,ChatterPixels,1
"Apr 17, 2019 - 8:01:40 PM",RabbitTales,vumlum,ChatterPixels,1
"Apr 17, 2019 - 8:01:40 PM",RabbitTales,wh20,ChatterPixels,1
"Apr 17, 2019 - 8:01:40 PM",RabbitTales,zarannya,ChatterPixels,1
"Apr 17, 2019 - 8:01:40 PM",RabbitTales,zirconmermaid,ChatterPixels,1
"Apr 17, 2019 - 8:01:40 PM",RabbitTales,zuriusiku,ChatterPixels,1
"Apr 17, 2019 - 8:02:49 PM",RabbitTales,bootblackknight,ChatterPixels,1
"Apr 17, 2019 - 8:02:49 PM",RabbitTales,csharpfritz,ChatterPixels,1
"Apr 17, 2019 - 8:02:49 PM",RabbitTales,dryadteabot,ChatterPixels,1
"Apr 17, 2019 - 8:02:49 PM",RabbitTales,gryphonrootflyer,ChatterPixels,1
"Apr 17, 2019 - 8:02:49 PM",RabbitTales,jekkceo,ChatterPixels,1
"Apr 17, 2019 - 8:02:49 PM",RabbitTales,rabbittales,ChatterPixels,1
"Apr 17, 2019 - 8:02:49 PM",RabbitTales,streamelements,ChatterPixels,1
"Apr 17, 2019 - 8:02:49 PM",RabbitTales,yet_tea,ChatterPixels,1
"Apr 17, 2019 - 8:02:49 PM",RabbitTales,3gingerhaze3,ChatterPixels,1
"Apr 17, 2019 - 8:02:49 PM",RabbitTales,adam102102,ChatterPixels,1
"Apr 17, 2019 - 8:02:49 PM",RabbitTales,aethoraa,ChatterPixels,1
"Apr 17, 2019 - 8:02:49 PM",RabbitTales,alicatfiberarts,ChatterPixels,1
"Apr 17, 2019 - 8:02:49 PM",RabbitTales,alksoe310,ChatterPixels,1
"Apr 17, 2019 - 8:02:49 PM",RabbitTales,anani,ChatterPixels,1
"Apr 17, 2019 - 8:02:49 PM",RabbitTales,anotherttvviewer,ChatterPixels,1
"Apr 17, 2019 - 8:02:49 PM",RabbitTales,apricotdrupefruit,ChatterPixels,1
"Apr 17, 2019 - 8:02:49 PM",RabbitTales,arcturussadiablo,ChatterPixels,1
"Apr 17, 2019 - 8:02:49 PM",RabbitTales,arya_stormborn,ChatterPixels,1
"Apr 17, 2019 - 8:02:49 PM",RabbitTales,austin1617,ChatterPixels,1
"Apr 17, 2019 - 8:02:49 PM",RabbitTales,azurekoi,ChatterPixels,1
"Apr 17, 2019 - 8:02:49 PM",RabbitTales,belzarak,ChatterPixels,1
"Apr 17, 2019 - 8:02:49 PM",RabbitTales,blairbartlett,ChatterPixels,1
"Apr 17, 2019 - 8:02:49 PM",RabbitTales,bokimoto,ChatterPixels,1
"Apr 17, 2019 - 8:02:49 PM",RabbitTales,bustopher,ChatterPixels,1
"Apr 17, 2019 - 8:02:49 PM",RabbitTales,capesandarrows,ChatterPixels,1
"Apr 17, 2019 - 8:02:49 PM",RabbitTales,cloudraven81,ChatterPixels,1
"Apr 17, 2019 - 8:02:49 PM",RabbitTales,commanderroot,ChatterPixels,1
"Apr 17, 2019 - 8:02:49 PM",RabbitTales,craftyminergal,ChatterPixels,1
"Apr 17, 2019 - 8:02:49 PM",RabbitTales,crusnik_x,ChatterPixels,1
"Apr 17, 2019 - 8:02:49 PM",RabbitTales,deem518,ChatterPixels,1
"Apr 17, 2019 - 8:02:49 PM",RabbitTales,dementedkat,ChatterPixels,1
"Apr 17, 2019 - 8:02:49 PM",RabbitTales,dovahkiin45,ChatterPixels,1
"Apr 17, 2019 - 8:02:49 PM",RabbitTales,dryadtbot,ChatterPixels,1
"Apr 17, 2019 - 8:02:49 PM",RabbitTales,dyllidan,ChatterPixels,1
"Apr 17, 2019 - 8:02:49 PM",RabbitTales,electricallongboard,ChatterPixels,1
"Apr 17, 2019 - 8:02:49 PM",RabbitTales,evil_nights,ChatterPixels,1
"Apr 17, 2019 - 8:02:49 PM",RabbitTales,findstaci,ChatterPixels,1
"Apr 17, 2019 - 8:02:49 PM",RabbitTales,gamelairtim,ChatterPixels,1
"Apr 17, 2019 - 8:02:49 PM",RabbitTales,happycatastrophe,ChatterPixels,1
"Apr 17, 2019 - 8:02:49 PM",RabbitTales,heatherhitchman,ChatterPixels,1
"Apr 17, 2019 - 8:02:49 PM",RabbitTales,ilovehellokitty11,ChatterPixels,1
"Apr 17, 2019 - 8:02:49 PM",RabbitTales,inaeries,ChatterPixels,1
"Apr 17, 2019 - 8:02:49 PM",RabbitTales,injapahn,ChatterPixels,1
"Apr 17, 2019 - 8:02:49 PM",RabbitTales,ironmania2003,ChatterPixels,1
"Apr 17, 2019 - 8:02:49 PM",RabbitTales,jack_c,ChatterPixels,1
"Apr 17, 2019 - 8:02:49 PM",RabbitTales,jaylove_crafts,ChatterPixels,1
"Apr 17, 2019 - 8:02:49 PM",RabbitTales,jose3083,ChatterPixels,1
"Apr 17, 2019 - 8:02:49 PM",RabbitTales,krakenbein,ChatterPixels,1
"Apr 17, 2019 - 8:02:49 PM",RabbitTales,lunapiecosplay,ChatterPixels,1
"Apr 17, 2019 - 8:02:49 PM",RabbitTales,majinalchemist,ChatterPixels,1
"Apr 17, 2019 - 8:02:49 PM",RabbitTales,marcus_steel,ChatterPixels,1
"Apr 17, 2019 - 8:02:49 PM",RabbitTales,minnionmama,ChatterPixels,1
"Apr 17, 2019 - 8:02:49 PM",RabbitTales,mlasuk,ChatterPixels,1
"Apr 17, 2019 - 8:02:49 PM",RabbitTales,mongo686,ChatterPixels,1
"Apr 17, 2019 - 8:02:49 PM",RabbitTales,moonwitchdancing,ChatterPixels,1
"Apr 17, 2019 - 8:02:49 PM",RabbitTales,mrcrazysailor,ChatterPixels,1
"Apr 17, 2019 - 8:02:49 PM",RabbitTales,nekocakeart,ChatterPixels,1
"Apr 17, 2019 - 8:02:49 PM",RabbitTales,permanentviolet,ChatterPixels,1
"Apr 17, 2019 - 8:02:49 PM",RabbitTales,phoenyxashe,ChatterPixels,1
"Apr 17, 2019 - 8:02:49 PM",RabbitTales,psygriffio,ChatterPixels,1
"Apr 17, 2019 - 8:02:49 PM",RabbitTales,rodriguezefs,ChatterPixels,1
"Apr 17, 2019 - 8:02:49 PM",RabbitTales,rosaline924,ChatterPixels,1
"Apr 17, 2019 - 8:02:49 PM",RabbitTales,scoundrelle,ChatterPixels,1
"Apr 17, 2019 - 8:02:49 PM",RabbitTales,serenity193,ChatterPixels,1
"Apr 17, 2019 - 8:02:49 PM",RabbitTales,snooupy_,ChatterPixels,1
"Apr 17, 2019 - 8:02:49 PM",RabbitTales,speed_freak86,ChatterPixels,1
"Apr 17, 2019 - 8:02:49 PM",RabbitTales,stacyjgarrett,ChatterPixels,1
"Apr 17, 2019 - 8:02:49 PM",RabbitTales,sweetvanaya,ChatterPixels,1
"Apr 17, 2019 - 8:02:49 PM",RabbitTales,teyyd,ChatterPixels,1
"Apr 17, 2019 - 8:02:49 PM",RabbitTales,thepugtater,ChatterPixels,1
"Apr 17, 2019 - 8:02:49 PM",RabbitTales,theskadooshofdestiny,ChatterPixels,1
"Apr 17, 2019 - 8:02:49 PM",RabbitTales,ticktacktoe2,ChatterPixels,1
"Apr 17, 2019 - 8:02:49 PM",RabbitTales,v_and_k,ChatterPixels,1
"Apr 17, 2019 - 8:02:49 PM",RabbitTales,virgoproz,ChatterPixels,1
"Apr 17, 2019 - 8:02:49 PM",RabbitTales,vumlum,ChatterPixels,1
"Apr 17, 2019 - 8:02:49 PM",RabbitTales,wh20,ChatterPixels,1
"Apr 17, 2019 - 8:02:49 PM",RabbitTales,zarannya,ChatterPixels,1
"Apr 17, 2019 - 8:02:49 PM",RabbitTales,zirconmermaid,ChatterPixels,1
"Apr 17, 2019 - 8:02:49 PM",RabbitTales,zuriusiku,ChatterPixels,1
"Apr 17, 2019 - 8:03:01 PM",RabbitTales,bootblackknight,ChatterPixels,4
"Apr 17, 2019 - 8:03:01 PM",RabbitTales,csharpfritz,ChatterPixels,4
"Apr 17, 2019 - 8:03:01 PM",RabbitTales,dryadteabot,ChatterPixels,4
"Apr 17, 2019 - 8:03:01 PM",RabbitTales,gryphonrootflyer,ChatterPixels,4
"Apr 17, 2019 - 8:03:01 PM",RabbitTales,jekkceo,ChatterPixels,4
"Apr 17, 2019 - 8:03:01 PM",RabbitTales,rabbittales,ChatterPixels,4
"Apr 17, 2019 - 8:03:01 PM",RabbitTales,streamelements,ChatterPixels,4
"Apr 17, 2019 - 8:03:01 PM",RabbitTales,yet_tea,ChatterPixels,4
"Apr 17, 2019 - 8:03:01 PM",RabbitTales,3gingerhaze3,ChatterPixels,4
"Apr 17, 2019 - 8:03:01 PM",RabbitTales,adam102102,ChatterPixels,4
"Apr 17, 2019 - 8:03:01 PM",RabbitTales,aethoraa,ChatterPixels,4
"Apr 17, 2019 - 8:03:01 PM",RabbitTales,alicatfiberarts,ChatterPixels,4
"Apr 17, 2019 - 8:03:01 PM",RabbitTales,alksoe310,ChatterPixels,4
"Apr 17, 2019 - 8:03:01 PM",RabbitTales,anani,ChatterPixels,4
"Apr 17, 2019 - 8:03:01 PM",RabbitTales,anotherttvviewer,ChatterPixels,4
"Apr 17, 2019 - 8:03:01 PM",RabbitTales,apricotdrupefruit,ChatterPixels,4
"Apr 17, 2019 - 8:03:01 PM",RabbitTales,arcturussadiablo,ChatterPixels,4
"Apr 17, 2019 - 8:03:01 PM",RabbitTales,arya_stormborn,ChatterPixels,4
"Apr 17, 2019 - 8:03:01 PM",RabbitTales,austin1617,ChatterPixels,4
"Apr 17, 2019 - 8:03:01 PM",RabbitTales,azurekoi,ChatterPixels,4
"Apr 17, 2019 - 8:03:01 PM",RabbitTales,belzarak,ChatterPixels,4
"Apr 17, 2019 - 8:03:01 PM",RabbitTales,blairbartlett,ChatterPixels,4
"Apr 17, 2019 - 8:03:01 PM",RabbitTales,bokimoto,ChatterPixels,4
"Apr 17, 2019 - 8:03:01 PM",RabbitTales,bustopher,ChatterPixels,4
"Apr 17, 2019 - 8:03:01 PM",RabbitTales,capesandarrows,ChatterPixels,4
"Apr 17, 2019 - 8:03:01 PM",RabbitTales,cloudraven81,ChatterPixels,4
"Apr 17, 2019 - 8:03:01 PM",RabbitTales,commanderroot,ChatterPixels,4
"Apr 17, 2019 - 8:03:01 PM",RabbitTales,craftyminergal,ChatterPixels,4
"Apr 17, 2019 - 8:03:01 PM",RabbitTales,crusnik_x,ChatterPixels,4
"Apr 17, 2019 - 8:03:01 PM",RabbitTales,deem518,ChatterPixels,4
"Apr 17, 2019 - 8:03:01 PM",RabbitTales,dementedkat,ChatterPixels,4
"Apr 17, 2019 - 8:03:01 PM",RabbitTales,dovahkiin45,ChatterPixels,4
"Apr 17, 2019 - 8:03:01 PM",RabbitTales,dryadtbot,ChatterPixels,4
"Apr 17, 2019 - 8:03:01 PM",RabbitTales,dyllidan,ChatterPixels,4
"Apr 17, 2019 - 8:03:01 PM",RabbitTales,electricallongboard,ChatterPixels,4
"Apr 17, 2019 - 8:03:01 PM",RabbitTales,evil_nights,ChatterPixels,4
"Apr 17, 2019 - 8:03:01 PM",RabbitTales,findstaci,ChatterPixels,4
"Apr 17, 2019 - 8:03:01 PM",RabbitTales,gamelairtim,ChatterPixels,4
"Apr 17, 2019 - 8:03:01 PM",RabbitTales,happycatastrophe,ChatterPixels,4
"Apr 17, 2019 - 8:03:01 PM",RabbitTales,heatherhitchman,ChatterPixels,4
"Apr 17, 2019 - 8:03:01 PM",RabbitTales,ilovehellokitty11,ChatterPixels,4
"Apr 17, 2019 - 8:03:01 PM",RabbitTales,inaeries,ChatterPixels,4
"Apr 17, 2019 - 8:03:01 PM",RabbitTales,injapahn,ChatterPixels,4
"Apr 17, 2019 - 8:03:01 PM",RabbitTales,ironmania2003,ChatterPixels,4
"Apr 17, 2019 - 8:03:01 PM",RabbitTales,jack_c,ChatterPixels,4
"Apr 17, 2019 - 8:03:01 PM",RabbitTales,jaylove_crafts,ChatterPixels,4
"Apr 17, 2019 - 8:03:01 PM",RabbitTales,jose3083,ChatterPixels,4
"Apr 17, 2019 - 8:03:01 PM",RabbitTales,krakenbein,ChatterPixels,4
"Apr 17, 2019 - 8:03:01 PM",RabbitTales,lunapiecosplay,ChatterPixels,4
"Apr 17, 2019 - 8:03:01 PM",RabbitTales,majinalchemist,ChatterPixels,4
"Apr 17, 2019 - 8:03:01 PM",RabbitTales,marcus_steel,ChatterPixels,4
"Apr 17, 2019 - 8:03:01 PM",RabbitTales,minnionmama,ChatterPixels,4
"Apr 17, 2019 - 8:03:01 PM",RabbitTales,mlasuk,ChatterPixels,4
"Apr 17, 2019 - 8:03:01 PM",RabbitTales,mongo686,ChatterPixels,4
"Apr 17, 2019 - 8:03:01 PM",RabbitTales,moonwitchdancing,ChatterPixels,4
"Apr 17, 2019 - 8:03:01 PM",RabbitTales,mrcrazysailor,ChatterPixels,4
"Apr 17, 2019 - 8:03:01 PM",RabbitTales,nekocakeart,ChatterPixels,4
"Apr 17, 2019 - 8:03:01 PM",RabbitTales,permanentviolet,ChatterPixels,4
"Apr 17, 2019 - 8:03:01 PM",RabbitTales,phoenyxashe,ChatterPixels,4
"Apr 17, 2019 - 8:03:01 PM",RabbitTales,psygriffio,ChatterPixels,4
"Apr 17, 2019 - 8:03:01 PM",RabbitTales,rodriguezefs,ChatterPixels,4
"Apr 17, 2019 - 8:03:01 PM",RabbitTales,rosaline924,ChatterPixels,4
"Apr 17, 2019 - 8:03:01 PM",RabbitTales,scoundrelle,ChatterPixels,4
"Apr 17, 2019 - 8:03:01 PM",RabbitTales,serenity193,ChatterPixels,4
"Apr 17, 2019 - 8:03:01 PM",RabbitTales,snooupy_,ChatterPixels,4
"Apr 17, 2019 - 8:03:01 PM",RabbitTales,speed_freak86,ChatterPixels,4
"Apr 17, 2019 - 8:03:01 PM",RabbitTales,stacyjgarrett,ChatterPixels,4
"Apr 17, 2019 - 8:03:01 PM",RabbitTales,sweetvanaya,ChatterPixels,4
"Apr 17, 2019 - 8:03:01 PM",RabbitTales,teyyd,ChatterPixels,4
"Apr 17, 2019 - 8:03:01 PM",RabbitTales,thepugtater,ChatterPixels,4
"Apr 17, 2019 - 8:03:01 PM",RabbitTales,theskadooshofdestiny,ChatterPixels,4
"Apr 17, 2019 - 8:03:01 PM",RabbitTales,ticktacktoe2,ChatterPixels,4
"Apr 17, 2019 - 8:03:01 PM",RabbitTales,v_and_k,ChatterPixels,4
"Apr 17, 2019 - 8:03:01 PM",RabbitTales,virgoproz,ChatterPixels,4
"Apr 17, 2019 - 8:03:01 PM",RabbitTales,vumlum,ChatterPixels,4
"Apr 17, 2019 - 8:03:01 PM",RabbitTales,wh20,ChatterPixels,4
"Apr 17, 2019 - 8:03:01 PM",RabbitTales,zarannya,ChatterPixels,4
"Apr 17, 2019 - 8:03:01 PM",RabbitTales,zirconmermaid,ChatterPixels,4
"Apr 17, 2019 - 8:03:01 PM",RabbitTales,zuriusiku,ChatterPixels,4
"Apr 17, 2019 - 8:03:49 PM",RabbitTales,miselvanne,Add,10
"Apr 17, 2019 - 8:06:12 PM",RabbitTales,blairbartlett,Add,10
"Apr 17, 2019 - 8:06:54 PM",RabbitTales,csharpfritz,Add,10
"Apr 17, 2019 - 8:07:43 PM",RabbitTales,kiltedshaver,Add,10
"Apr 17, 2019 - 8:08:38 PM",RabbitTales,happycatastrophe,Add,10
"Apr 17, 2019 - 8:09:24 PM",RabbitTales,@arcturussadiablo,Add,10
"Apr 17, 2019 - 8:09:37 PM",RabbitTales,arcturussadiablo,Add,10
"Apr 17, 2019 - 8:09:44 PM",RabbitTales,@arcturussadiablo,Add,-10
"Apr 17, 2019 - 8:10:11 PM",RabbitTales,psygriffio,Add,10
"Apr 17, 2019 - 8:10:58 PM",RabbitTales,sweetvanaya,Add,10
"Apr 17, 2019 - 8:11:53 PM",RabbitTales,stacyjgarrett,Add,10
"Apr 17, 2019 - 8:12:38 PM",RabbitTales,bootblackknight,ChatterPixels,1
"Apr 17, 2019 - 8:12:38 PM",RabbitTales,csharpfritz,ChatterPixels,1
"Apr 17, 2019 - 8:12:38 PM",RabbitTales,dryadteabot,ChatterPixels,1
"Apr 17, 2019 - 8:12:38 PM",RabbitTales,gryphonrootflyer,ChatterPixels,1
"Apr 17, 2019 - 8:12:38 PM",RabbitTales,jekkceo,ChatterPixels,1
"Apr 17, 2019 - 8:12:38 PM",RabbitTales,rabbittales,ChatterPixels,1
"Apr 17, 2019 - 8:12:38 PM",RabbitTales,streamelements,ChatterPixels,1
"Apr 17, 2019 - 8:12:38 PM",RabbitTales,1upgirl,ChatterPixels,1
"Apr 17, 2019 - 8:12:38 PM",RabbitTales,3gingerhaze3,ChatterPixels,1
"Apr 17, 2019 - 8:12:38 PM",RabbitTales,adam102102,ChatterPixels,1
"Apr 17, 2019 - 8:12:38 PM",RabbitTales,aethoraa,ChatterPixels,1
"Apr 17, 2019 - 8:12:38 PM",RabbitTales,alicatfiberarts,ChatterPixels,1
"Apr 17, 2019 - 8:12:38 PM",RabbitTales,alksoe310,ChatterPixels,1
"Apr 17, 2019 - 8:12:38 PM",RabbitTales,anani,ChatterPixels,1
"Apr 17, 2019 - 8:12:38 PM",RabbitTales,anotherttvviewer,ChatterPixels,1
"Apr 17, 2019 - 8:12:38 PM",RabbitTales,apricotdrupefruit,ChatterPixels,1
"Apr 17, 2019 - 8:12:38 PM",RabbitTales,arcturussadiablo,ChatterPixels,1
"Apr 17, 2019 - 8:12:38 PM",RabbitTales,arya_stormborn,ChatterPixels,1
"Apr 17, 2019 - 8:12:38 PM",RabbitTales,austin1617,ChatterPixels,1
"Apr 17, 2019 - 8:12:38 PM",RabbitTales,azurekoi,ChatterPixels,1
"Apr 17, 2019 - 8:12:38 PM",RabbitTales,belzarak,ChatterPixels,1
"Apr 17, 2019 - 8:12:38 PM",RabbitTales,blairbartlett,ChatterPixels,1
"Apr 17, 2019 - 8:12:38 PM",RabbitTales,bustopher,ChatterPixels,1
"Apr 17, 2019 - 8:12:38 PM",RabbitTales,capesandarrows,ChatterPixels,1
"Apr 17, 2019 - 8:12:38 PM",RabbitTales,cloudraven81,ChatterPixels,1
"Apr 17, 2019 - 8:12:38 PM",RabbitTales,commanderroot,ChatterPixels,1
"Apr 17, 2019 - 8:12:38 PM",RabbitTales,craftyminergal,ChatterPixels,1
"Apr 17, 2019 - 8:12:38 PM",RabbitTales,crusnik_x,ChatterPixels,1
"Apr 17, 2019 - 8:12:38 PM",RabbitTales,deem518,ChatterPixels,1
"Apr 17, 2019 - 8:12:38 PM",RabbitTales,dementedkat,ChatterPixels,1
"Apr 17, 2019 - 8:12:38 PM",RabbitTales,dovahkiin45,ChatterPixels,1
"Apr 17, 2019 - 8:12:38 PM",RabbitTales,dryadtbot,ChatterPixels,1
"Apr 17, 2019 - 8:12:38 PM",RabbitTales,electricallongboard,ChatterPixels,1
"Apr 17, 2019 - 8:12:38 PM",RabbitTales,evil_nights,ChatterPixels,1
"Apr 17, 2019 - 8:12:38 PM",RabbitTales,findstaci,ChatterPixels,1
"Apr 17, 2019 - 8:12:38 PM",RabbitTales,gamelairtim,ChatterPixels,1
"Apr 17, 2019 - 8:12:38 PM",RabbitTales,happycatastrophe,ChatterPixels,1
"Apr 17, 2019 - 8:12:38 PM",RabbitTales,heatherhitchman,ChatterPixels,1
"Apr 17, 2019 - 8:12:38 PM",RabbitTales,inaeries,ChatterPixels,1
"Apr 17, 2019 - 8:12:38 PM",RabbitTales,injapahn,ChatterPixels,1
"Apr 17, 2019 - 8:12:38 PM",RabbitTales,ironmania2003,ChatterPixels,1
"Apr 17, 2019 - 8:12:38 PM",RabbitTales,jack_c,ChatterPixels,1
"Apr 17, 2019 - 8:12:38 PM",RabbitTales,jaylove_crafts,ChatterPixels,1
"Apr 17, 2019 - 8:12:38 PM",RabbitTales,jose3083,ChatterPixels,1
"Apr 17, 2019 - 8:12:38 PM",RabbitTales,kabukibadger,ChatterPixels,1
"Apr 17, 2019 - 8:12:38 PM",RabbitTales,krakenbein,ChatterPixels,1
"Apr 17, 2019 - 8:12:38 PM",RabbitTales,krys_turtle,ChatterPixels,1
"Apr 17, 2019 - 8:12:38 PM",RabbitTales,lunapiecosplay,ChatterPixels,1
"Apr 17, 2019 - 8:12:38 PM",RabbitTales,majinalchemist,ChatterPixels,1
"Apr 17, 2019 - 8:12:38 PM",RabbitTales,marcus_steel,ChatterPixels,1
"Apr 17, 2019 - 8:12:38 PM",RabbitTales,minnionmama,ChatterPixels,1
"Apr 17, 2019 - 8:12:38 PM",RabbitTales,mlasuk,ChatterPixels,1
"Apr 17, 2019 - 8:12:38 PM",RabbitTales,moonwitchdancing,ChatterPixels,1
"Apr 17, 2019 - 8:12:38 PM",RabbitTales,mrcrazysailor,ChatterPixels,1
"Apr 17, 2019 - 8:12:38 PM",RabbitTales,nekocakeart,ChatterPixels,1
"Apr 17, 2019 - 8:12:38 PM",RabbitTales,phoenyxashe,ChatterPixels,1
"Apr 17, 2019 - 8:12:38 PM",RabbitTales,psygriffio,ChatterPixels,1
"Apr 17, 2019 - 8:12:38 PM",RabbitTales,rodriguezefs,ChatterPixels,1
"Apr 17, 2019 - 8:12:38 PM",RabbitTales,scoundrelle,ChatterPixels,1
"Apr 17, 2019 - 8:12:38 PM",RabbitTales,speed_freak86,ChatterPixels,1
"Apr 17, 2019 - 8:12:38 PM",RabbitTales,stacyjgarrett,ChatterPixels,1
"Apr 17, 2019 - 8:12:38 PM",RabbitTales,sweetvanaya,ChatterPixels,1
"Apr 17, 2019 - 8:12:38 PM",RabbitTales,teyyd,ChatterPixels,1
"Apr 17, 2019 - 8:12:38 PM",RabbitTales,thepugtater,ChatterPixels,1
"Apr 17, 2019 - 8:12:38 PM",RabbitTales,theskadooshofdestiny,ChatterPixels,1
"Apr 17, 2019 - 8:12:38 PM",RabbitTales,ticktacktoe2,ChatterPixels,1
"Apr 17, 2019 - 8:12:38 PM",RabbitTales,v_and_k,ChatterPixels,1
"Apr 17, 2019 - 8:12:38 PM",RabbitTales,virgoproz,ChatterPixels,1
"Apr 17, 2019 - 8:12:38 PM",RabbitTales,vumlum,ChatterPixels,1
"Apr 17, 2019 - 8:12:38 PM",RabbitTales,wh20,ChatterPixels,1
"Apr 17, 2019 - 8:12:38 PM",RabbitTales,zarannya,ChatterPixels,1
"Apr 17, 2019 - 8:12:38 PM",RabbitTales,zirconmermaid,ChatterPixels,1
"Apr 17, 2019 - 8:12:38 PM",RabbitTales,zuriusiku,ChatterPixels,1
"Apr 17, 2019 - 8:13:21 PM",RabbitTales,mongo686,Add,10
"Apr 17, 2019 - 8:14:05 PM",RabbitTales,3gingerhaze3,Add,10
"Apr 17, 2019 - 8:15:00 PM",RabbitTales,belzarak,Add,10
"Apr 17, 2019 - 8:15:59 PM",RabbitTales,phoenyxashe,Add,10
"Apr 17, 2019 - 8:16:47 PM",RabbitTales,arya_stormborn,Add,10
"Apr 17, 2019 - 8:17:32 PM",RabbitTales,krys_turtle,Add,10
"Apr 17, 2019 - 8:19:19 PM",RabbitTales,deem518,Add,10
"Apr 17, 2019 - 8:20:31 PM",RabbitTales,3gingerhaze3,Add,10
"Apr 17, 2019 - 8:22:18 PM",RabbitTales,bustopher,Add,10
"Apr 17, 2019 - 8:23:06 PM",RabbitTales,happycatastrophe,Add,10
"Apr 17, 2019 - 8:23:52 PM",RabbitTales,majinalchemist,Add,10
"Apr 17, 2019 - 8:24:47 PM",RabbitTales,arya_stormborn,Add,10
"Apr 17, 2019 - 8:26:02 PM",PixelBot-Resub,lizardeatsflies,Add,10
"Apr 17, 2019 - 8:27:38 PM",RabbitTales,rabbittales,Add,1
"Apr 17, 2019 - 8:28:02 PM",RabbitTales,rabbittales,Add,1
"Apr 17, 2019 - 8:34:27 PM",RabbitTales,rabbittales,Add,1
